{
  "folder": "/home/emmanuel/Desktop/projects/viedial_ai/viedial_wa_chatbot_ai/documents",
  "status": "completed",
  "steps": [
    {
      "step": "create_collection",
      "status": "completed",
      "collection_name": "diabetes_docs"
    },
    {
      "step": "clear_existing_data",
      "status": "completed",
      "ids_deleted": 0
    },
    {
      "step": "process_pdfs",
      "status": "completed",
      "num_pdfs_processed": 1,
      "total_pages_added": 21,
      "total_pages_extracted": 21
    }
  ],
  "success": true,
  "total_pages": 21
}